message	label
X2  &lt;#&gt; . Are you going to get that	ham
Thank u. IT BETTER WORK OUT CAUSE I WILL FEEL USED OTHERWISE	ham
My house here e sky quite dark liao... If raining then got excuse not 2 run already rite... Hee...	ham
Ya but it cant display internal subs so i gotta extract them	ham
As in different styles?	ham
If he started searching he will get job in few days.he have great potential and talent.	ham
Ok.ok ok..then..whats ur todays plan	ham
Its worse if if uses half way then stops. Its better for him to complete it.	ham
+123 Congratulations - in this week's competition draw u have won the £1450 prize to claim just call 09050002311 b4280703. T&Cs/stop SMS 08718727868. Over 18 only 150ppm	spam
Ya srsly better than yi tho	ham
Yetunde i'm in class can you not run water on it to make it ok. Pls now.	ham
Yup... Hey then one day on fri we can ask miwa and jiayin take leave go karaoke 	ham
2marrow only. Wed at  &lt;#&gt;  to 2 aha.	ham
Can. Dunno wat to get 4 her...	ham
YOU HAVE WON! As a valued Vodafone customer our computer has picked YOU to win a £150 prize. To collect is easy. Just call 09061743386	spam
House-Maid is the murderer, coz the man was murdered on  &lt;#&gt; th January.. As public holiday all govt.instituitions are closed,including post office..	ham
Haha mayb u're rite... U know me well. Da feeling of being liked by someone is gd lor. U faster go find one then all gals in our group attached liao.	ham
Pls she needs to dat slowly or she will vomit more.	ham
I'm in a movie. Call me 4 wat?	ham
K... Must book a not huh? so going for yoga basic on sunday?	ham
All e best 4 ur exam later.	ham
Sunshine Hols. To claim ur med holiday send a stamped self address envelope to Drinks on Us UK, PO Box 113, Bray, Wicklow, Eire. Quiz Starts Saturday! Unsub Stop	spam
Was it something u ate?	ham
Omg how did u know what I ate?	ham
Do you like shaking your booty on the dance floor?	ham
74355 XMAS iscoming & ur awarded either £500 CD gift vouchers & free entry 2 r £100 weekly draw txt MUSIC to 87066 TnC	spam
Pls send me a comprehensive mail about who i'm paying, when and how much.	ham
Ok I'm gonna head up to usf in like fifteen minutes	ham
Okie... Thanx...	ham
This msg is for your mobile content order It has been resent as previous attempt failed due to network error Queries to customersqueries@netvision.uk.com	spam
The new deus ex game comin early next yr	ham
How have your little darlings been so far this week? Need a coffee run tomo?Can't believe it's that time of week already …	ham
My supervisor find 4 me one lor i thk his students. I havent ask her yet. Tell u aft i ask her.	ham
Mm i had my food da from out	ham
Geeeee ... I love you so much I can barely stand it	ham
Hey loverboy! I love you !! I had to tell ... I look at your picture and ache to feel you between my legs ... Fuck I want you ... I need you ... I crave you .	ham
I'm putting it on now. It should be ready for  &lt;TIME&gt; 	ham
Hi, the SEXYCHAT girls are waiting for you to text them. Text now for a great night chatting. send STOP to stop this service	spam
Why i come in between you people	ham
Sorry! U can not unsubscribe yet. THE MOB offer package has a min term of 54 weeks> pls resubmit request after expiry. Reply THEMOB HELP 4 more info	spam
No plm i will come da. On the way.	ham
Ok da, i already planned. I wil pick you.	ham
U have a secret admirer who is looking 2 make contact with U-find out who they R*reveal who thinks UR so special-call on 09058094599	spam
XXXMobileMovieClub: To use your credit, click the WAP link in the next txt message or click here>> http://wap. xxxmobilemovieclub.com?n=QJKGIGHJJGCBL	spam
HMV BONUS SPECIAL 500 pounds of genuine HMV vouchers to be won. Just answer 4 easy questions. Play Now! Send HMV to 86688 More info:www.100percent-real.com	spam
I'm awake oh. What's up.	ham
I just saw ron burgundy captaining a party boat so yeah	ham
K, makes sense, btw carlos is being difficult so you guys are gonna smoke while I go pick up the second batch and get gas	ham
Jesus armand really is trying to tell everybody he can find	ham
"""HEY KATE, HOPE UR OK... WILL GIVE U A BUZ WEDLUNCH. GO OUTSOMEWHERE 4 ADRINK IN TOWN..CUD GO 2WATERSHD 4 A BIT? PPL FROMWRK WILL BTHERE. LOVE PETEXXX."""	ham
7 lor... Change 2 suntec... Wat time u coming?	ham
Already one guy loving you:-.	ham
God bless.get good sleep my dear...i will pray!	ham
I guess that's why you re worried. You must know that there's a way the body repairs itself. And i'm quite sure you shouldn't worry. We'll take it slow. First the tests, they will guide when your ovulation is then just relax. Nothing you've said is a reason to worry but i.ll keep on followin you up.	ham
Can you pls send me that company name. In saibaba colany	ham
Good afternoon sunshine! How dawns that day ? Are we refreshed and happy to be alive? Do we breathe in the air and smile ? I think of you, my love ... As always	ham
Lol. Well quality aint bad at all so i aint complaining	ham
WELL DONE! Your 4* Costa Del Sol Holiday or £5000 await collection. Call 09050090044 Now toClaim. SAE, TCs, POBox334, Stockport, SK38xh, Cost£1.50/pm, Max10mins	spam
That means you got an A in epi, she.s fine. She.s here now.	ham
i dnt wnt to tlk wid u	ham
Just do what ever is easier for you	ham
Ugh its been a long day. I'm exhausted. Just want to cuddle up and take a nap	ham
No. Thank you. You've been wonderful	ham
This single single answers are we fighting? Plus i said am broke and you didnt reply	ham
Bought one ringtone and now getting texts costing 3 pound offering more tones etc	spam
Ah poop. Looks like ill prob have to send in my laptop to get fixed cuz it has a gpu problem	ham
Ask g or iouri, I've told the story like ten times already	ham
"""ALRITE HUNNY!WOT U UP 2 2NITE? DIDNT END UP GOIN DOWN TOWN JUS DA PUB INSTEAD! JUS CHILLIN AT DA MO IN ME BEDROOM!LOVE JEN XXX."""	ham
Hey hun-onbus goin 2 meet him. He wants 2go out 4a meal but I donyt feel like it cuz have 2 get last bus home!But hes sweet latelyxxx	ham
U so lousy, run already come back then half dead... Hee...	ham
Never blame a day in ur life. Good days give u happiness. Bad days give u experience. Both are essential in life! All are Gods blessings! good morning.:	ham
Wen ur lovable bcums angry wid u, dnt take it seriously.. Coz being angry is d most childish n true way of showing deep affection, care n luv!.. kettoda manda... Have nice day da.	ham
Cause I'm not freaky lol	ham
Yes. that will be fine. Love you. Be safe.	ham
Send ur birthdate with month and year, I will tel u ur LIFE PARTNER'S name. and the method of calculation. Reply must.	ham
Are you still getting the goods.	ham
Dear,shall mail tonite.busy in the street,shall update you tonite.things are looking ok.varunnathu edukkukayee raksha ollu.but a good one in real sense.	ham
Yes ammae....life takes lot of turns you can only sit and try to hold the steering...	ham
Cashbin.co.uk (Get lots of cash this weekend!) www.cashbin.co.uk Dear Welcome to the weekend We have got our biggest and best EVER cash give away!! These..	spam
Carry on not disturbing both of you	ham
Convey my regards to him	ham
So how many days since then?	ham
Ok... Help me ask if she's working tmr a not?	ham
Just nw i came to hme da..	ham
Oh. U must have taken your REAL Valentine out shopping first.	ham
I wanted to ask ü to wait 4 me to finish lect. Cos my lect finishes in an hour anyway.	ham
We tried to contact you re your reply to our offer of 750 mins 150 textand a new video phone call 08002988890 now or reply for free delivery tomorrow	spam
Please call our customer service representative on FREEPHONE 0808 145 4742 between 9am-11pm as you have WON a guaranteed £1000 cash or £5000 prize!	spam
Discussed with your mother ah?	ham
Lemme know when you're here	ham
Final Chance! Claim ur £150 worth of discount vouchers today! Text YES to 85023 now! SavaMob, member offers mobile! T Cs SavaMob POBOX84, M263UZ. £3.00 Subs 16	spam
Sorry, I'll call later	ham
Friendship is not a game to play, It is not a word to say, It doesn\'t start on March and ends on May, It is tomorrow, yesterday, today and e	ham
Don know..he is watching film in computer..	ham
She's fine. Sends her greetings	ham
thanks for the temales it was wonderful. Thank. Have a great week.	ham
Have you started in skye	ham
Was just about to ask. Will keep this one. Maybe that's why you didn't get all the messages we sent you on glo	ham
Then i buy.	ham
Hai dear friends... This is my new &amp; present number..:) By Rajitha Raj (Ranju)	ham
IM GONNA MISS U SO MUCH	ham
No, but you told me you were going, before you got drunk!	ham
FreeMsg Hey there darling it's been 3 week's now and no word back! I'd like some fun you up for it still? Tb ok! XxX std chgs to send, £1.50 to rcv	spam
Where r we meeting?	ham
Thank you. do you generally date the brothas?	ham
I'm stuck in da middle of da row on da right hand side of da lt... 	ham
Ugh hopefully the asus ppl dont randomly do a reformat.	ham
Do ü all wan 2 meet up n combine all the parts? How's da rest of da project going?	ham
No b4 Thursday	ham
The 2 oz guy is being kinda flaky but one friend is interested in picking up $ &lt;#&gt;  worth tonight if possible	ham
In which place do you want da.	ham
I am back. Bit long cos of accident on a30. Had to divert via wadebridge.I had a brilliant weekend thanks. Speak soon. Lots of love	ham
It wont b until 2.15 as trying 2 sort house out, is that ok?	ham
Erm … ill pick you up at about 6.45pm. That'll give enough time to get there, park and that.	ham
Damn, poor zac doesn't stand a chance	ham
Men like shorter ladies. Gaze up into his eyes.	ham
But you were together so you should be thinkin about him	ham
Did u download the fring app?	ham
"0A$NETWORKS allow companies to bill for SMS, so they are responsible for their ""suppliers"", just as a shop has to give a guarantee on what they sell. B. G."	spam
Sorry da. I gone mad so many pending works what to do.	ham
Save yourself the stress. If the person has a dorm account, just send your account details and the money will be sent to you.	ham
8 at the latest, g's still there if you can scrounge up some ammo and want to give the new ak a try	ham
My sis is catching e show in e afternoon so i'm not watching w her. So c u wan 2 watch today or tmr lor.	ham
Had your mobile 11mths ? Update for FREE to Oranges latest colour camera mobiles & unlimited weekend calls. Call Mobile Upd8 on freefone 08000839402 or 2StopTxt	spam
Great News! Call FREEFONE 08006344447 to claim your guaranteed £1000 CASH or £2000 gift. Speak to a live operator NOW!	spam
o turns out i had stereo love on mi phone under the unknown album.	ham
Am on the uworld site. Am i buying the qbank only or am i buying it with the self assessment also?	ham
(And my man carlos is definitely coming by mu tonight, no excuses)	ham
Its a valentine game. . . send dis msg to all ur friends. . If 5 answers r d same then someone really loves u. . Ques- which colour suits me the best?	ham
Convey my regards to him	ham
Do we have any spare power supplies	ham
Lol ... Oh no babe, I wont be sliding into your place after midnight, but thanks for the invite	ham
S da..al r above  &lt;#&gt;	ham
K:)k:)good:)study well.	ham
I calls you later. Afternoon onwords mtnl service get problem in south mumbai. I can hear you but you cann't listen me.	ham
Or remind me in a few hrs.	ham
U R THE MOST BEAUTIFUL GIRL IVE EVER SEEN. U R MY BABY COME AND C ME IN THE COMMON ROOM	ham
Free entry in 2 a weekly comp for a chance to win an ipod. Txt POD to 80182 to get entry (std txt rate) T&C's apply 08452810073 for details 18+	spam
Dear 0776xxxxxxx U've been invited to XCHAT. This is our final attempt to contact u! Txt CHAT to 86688 150p/MsgrcvdHG/Suite342/2Lands/Row/W1J6HL LDN 18yrs	spam
Then she dun believe wat?	ham
Prepare to be pounded every night...	ham
Been up to ne thing interesting. Did you have a good birthday? When are u wrking nxt? I started uni today.	ham
I'm going 4 lunch now wif my family then aft dat i go str 2 orchard lor.	ham
FREE entry into our £250 weekly comp just send the word WIN to 80086 NOW. 18 T&C www.txttowin.co.uk	spam
It'll be tough, but I'll do what I have to	ham
I dunno lei... Like dun haf...	ham
HI HUN! IM NOT COMIN 2NITE-TELL EVERY1 IM SORRY 4 ME, HOPE U AVA GOODTIME!OLI RANG MELNITE IFINK IT MITE B SORTED,BUT IL EXPLAIN EVERYTHIN ON MON.L8RS.x	ham
It's wylie, you in tampa or sarasota?	ham
Wat happened to the cruise thing	ham
Ew are you one of them?	ham
Especially since i talk about boston all up in my personal statement, lol! I woulda changed that if i had realized it said nyc! It says boston now.	ham
* Am on a train back from northampton so i'm afraid not!	ham
U still going to the mall?	ham
Hey... Thk we juz go accordin to wat we discussed yest lor, except no kb on sun... Cos there's nt much lesson to go if we attend kb on sat...	ham
Sorry da thangam, very very sorry i am held up with prasad.	ham
U attend ur driving lesson how many times a wk n which day?	ham
They said ü dun haf passport or smth like dat.. Or ü juz send to my email account..  	ham
Sday only joined.so training we started today:)	ham
Thanks chikku..:-) gud nyt:-*	ham
I hope you that's the result of being consistently intelligent and kind. Start asking him about practicum links and keep your ears open and all the best. ttyl	ham
Yun buying... But school got offer 2000 plus only...	ham
Sorry, I'll call later in meeting	ham
Aight, I should be there by 8 at the latest, probably closer to 7. Are jay and tyler down or should we just do two trips?	ham
And I don't plan on staying the night but I prolly won't be back til late	ham
Senthil group company Apnt 5pm.	ham
"Storming msg: Wen u lift d phne, u say ""HELLO"" Do u knw wt is d real meaning of HELLO?? . . . It's d name of a girl..! . . . Yes.. And u knw who is dat girl?? ""Margaret Hello"" She is d girlfrnd f Grahmbell who invnted telphone... . . . . Moral:One can 4get d name of a person, bt not his girlfrnd... G o o d n i g h t . . .@"	ham
Oh is it? Send me the address	ham
Or ü go buy wif him then i meet ü later can?	ham
Good morning, my boytoy! How's those yummy lips ? Where's my sexy buns now ? What do you do ? Do you think of me ? Do you crave me ? Do you need me ?	ham
"FREE RING TONE just text ""POLYS"" to 87131. Then every week get a new tone. 0870737910216yrs only £1.50/wk."	spam
From here after The performance award is calculated every two month.not for current one month period..	ham
Bognor it is! Should be splendid at this time of year.	ham
Dude just saw a parked car with its sunroof popped up. Sux	ham
Aight ill get on fb in a couple minutes	ham
Wat u doing there?	ham
Haven't found a way to get another app for your phone, eh ? Will you go to the net cafe ? Did you take that job? Geeee I need you babe. I crave to see you ...	ham
Dont let studying stress you out. L8r.	ham
I'm in town now so i'll jus take mrt down later.	ham
Guess who spent all last night phasing in and out of the fourth dimension	ham
88066 FROM 88066 LOST 3POUND HELP	spam
Ugh my leg hurts. Musta overdid it on mon.	ham
18 days to Euro2004 kickoff! U will be kept informed of all the latest news and results daily. Unsubscribe send GET EURO STOP to 83222.	spam
No da..today also i forgot..	ham
Ok i msg u b4 i leave my house.	ham
Customer place i will call you.	ham
Pls speak with me. I wont ask anything other then you friendship.	ham
Want explicit SEX in 30 secs? Ring 02073162414 now! Costs 20p/min Gsex POBOX 2667 WC1N 3XX	spam
Would really appreciate if you call me. Just need someone to talk to.	ham
No problem. Talk to you later	ham
Sorry man, accidentally left my phone on silent last night and didn't check it til I got up	ham
Mobile Club: Choose any of the top quality items for your mobile. 7cfca1a	spam
I love to wine and dine my lady!	ham
Wherre's my boytoy ? :-(	ham
Ok going to sleep. Hope i can meet her.	ham
Thank you, winner notified by sms. Good Luck! No future marketing reply STOP to 84122 customer services 08450542832	spam
And very importantly, all we discuss is between u and i only.	ham
Wish u many many returns of the day.. Happy birthday vikky..	ham
Bored housewives! Chat n date now! 0871750.77.11! BT-national rate 10p/min only from landlines!	spam
LIFE has never been this much fun and great until you came in. You made it truly special for me. I won't forget you! enjoy @ one gbp/sms	spam
Is it ok if I stay the night here? Xavier has a sleeping bag and I'm getting tired	ham
I'm on the bus. Love you	ham
Hey.. Something came up last min.. Think i wun be signing up tmr.. Hee	ham
Yes fine 	ham
Dont worry. I guess he's busy.	ham
From someone not to smoke when every time I've smoked in the last two weeks is because of you calling or texting me that you wanted to smoke	ham
Sorry, I'll call later	ham
Easy mate, * guess the quick drink was bit ambitious.	ham
You have won ?1,000 cash or a ?2,000 prize! To claim, call09050000327	spam
Can you just come in for a sec? There's somebody here I want you to see	ham
Yes. Rent is very expensive so its the way we save.	ham
Goodmorning,my grandfather expired..so am on leave today.	ham
Shall i get my pouch?	ham
I‘m parked next to a MINI!!!! When are you coming in today do you think?	ham
So how are you really. What are you up to. How's the masters. And so on.	ham
life alle mone,eppolum oru pole allalo	ham
I can't describe how lucky you are that I'm actually awake by noon	ham
How stupid to say that i challenge god.You dont think at all on what i write instead you respond immed.	ham
I bought the test yesterday. Its something that lets you know the exact day u ovulate.when will get 2u in about 2 to 3wks. But pls pls dont fret. I know u r worried. Pls relax. Also is there anything in ur past history u need to tell me?	ham
Sorry, I'll call later	ham
Congratulations ur awarded 500 of CD vouchers or 125gift guaranteed & Free entry 2 100 wkly draw txt MUSIC to 87066	spam
Text82228>> Get more ringtones, logos and games from www.txt82228.com. Questions: info@txt82228.co.uk	spam
I'm nt goin, got somethin on, unless they meetin 4 dinner lor... Haha, i wonder who will go tis time...	ham
Geeee ... I miss you already, you know ? Your all I can think about. Fuck, I can't wait till next year when we will be together ... *loving kiss*	ham
Huh so fast... Dat means u havent finished painting?	ham
I'm leaving my house now.	ham
So no messages. Had food?	ham
Waiting for your call.	ham
I want to show you the world, princess :) how about europe?	ham
How long does it take to get it.	ham
We got a divorce. Lol. She.s here	ham
Headin towards busetop	ham
Jos ask if u wana meet up?	ham
Okie...	ham
Can you plz tell me the ans. BSLVYL sent via fullonsms.com	ham
Lol no. I just need to cash in my nitros. Hurry come on before I crash out!	ham
Mmmm.... I cant wait to lick it!	ham
Howz that persons story	ham
I will spoil you in bed as well :)	ham
Please leave this topic..sorry for telling that..	ham
This is one of the days you have a billion classes, right?	ham
Howz that persons story	ham
Yup... From what i remb... I think should be can book... 	ham
I'm in a movie... Collect car oredi...	ham
Really do hope the work doesnt get stressful. Have a gr8 day.	ham
I dont know exactly could you ask chechi.	ham
I cant keep talking to people if am not sure i can pay them if they agree to price. So pls tell me what you want to really buy and how much you are willing to pay	ham
I'm used to it. I just hope my agents don't drop me since i've only booked a few things this year. This whole me in boston, them in nyc was an experiment.	ham
You are awarded a SiPix Digital Camera! call 09061221061 from landline. Delivery within 28days. T Cs Box177. M221BP. 2yr warranty. 150ppm. 16 . p p£3.99	spam
Did you show him and wot did he say or could u not c him 4 dust?	ham
I need to come home and give you some good lovin...	ham
We not leaving yet. Ok lor then we go elsewhere n eat. U thk...	ham
I agree. So i can stop thinkin about ipad. Can you please ask macho the same question.	ham
Vikky, come around  &lt;TIME&gt; ..	ham
Still work going on:)it is very small house.	ham
When u wana see it then	ham
I am great princess! What are you thinking about me? :)	ham
Lol wtf random. Btw is that your lunch break	ham
hanks lotsly!	ham
Customer service annoncement. You have a New Years delivery waiting for you. Please call 07046744435 now to arrange delivery	spam
Don know. I did't msg him recently.	ham
When you guys planning on coming over?	ham
Yup having my lunch buffet now.. U eat already?	ham
It‘s reassuring, in this crazy world.	ham
Cool, I'll text you in a few	ham
Reading gud habit.. Nan bari hudgi yorge pataistha ertini kano:-)	ham
Thanks for the Vote. Now sing along with the stars with Karaoke on your mobile. For a FREE link just reply with SING now.	spam
Nice talking to you! please dont forget my pix :) i want to see all of you...	ham
Ahhh. Work. I vaguely remember that! What does it feel like? Lol	ham
Could you not read me, my Love ? I answered you	ham
Dear got train and seat mine lower seat	ham
I'm gonna be home soon and i don't want to talk about this stuff anymore tonight, k? I've cried enough today.	ham
* Was thinking about chuckin ur red green n black trainners 2 save carryin them bac on train	ham
Whats that coming over the hill..... Is it a monster! Hope you have a great day. Things r going fine here, busy though! 	ham
What about this one then.	ham
Yep then is fine 7.30 or 8.30 for ice age.	ham
"Storming msg: Wen u lift d phne, u say ""HELLO"" Do u knw wt is d real meaning of HELLO?? . . . It's d name of a girl..! . . . Yes.. And u knw who is dat girl?? ""Margaret Hello"" She is d girlfrnd f Grahmbell who invnted telphone... . . . . Moral:One can 4get d name of a person, bt not his girlfrnd... G o o d n i g h t . . .@"	ham
my ex-wife was not able to have kids. Do you want kids one day?	ham
Staff of placement training in Amrita college.	ham
Mila, age23, blonde, new in UK. I look sex with UK guys. if u like fun with me. Text MTALK to 69866.18 . 30pp/txt 1st 5free. £1.50 increments. Help08718728876	spam
Sorry to trouble u again. Can buy 4d for my dad again? 1405, 1680, 1843. All 2 big 1 small, sat n sun. Thanx.	ham
Does not operate after  &lt;#&gt;  or what	ham
Will it help if we propose going back again tomorrow	ham
Oh... I was thkin of goin yogasana at 10 den no nd to go at 3 den can rush to parco 4 nb... Okie lor, u call me when ready...	ham
Reply to win £100 weekly! What professional sport does Tiger Woods play? Send STOP to 87239 to end service	spam
"Your free ringtone is waiting to be collected. Simply text the password ""MIX"" to 85069 to verify. Get Usher and Britney. FML, PO Box 5249, MK17 92H. 450Ppw 16"	spam
FreeMsg:Feelin kinda lnly hope u like 2 keep me company! Jst got a cam moby wanna c my pic?Txt or reply DATE to 82242 Msg150p 2rcv Hlp 08712317606 stop to 82242	spam
I called and said all to him:)then he have to choose this future.	ham
Also track down any lighters you can find	ham
Hi babe its Chloe, how r u? I was smashed on saturday night, it was great! How was your weekend? U been missing me? SP visionsms.com Text stop to stop 150p/text	spam
You still coming tonight?	ham
WELL DONE! Your 4* Costa Del Sol Holiday or £5000 await collection. Call 09050090044 Now toClaim. SAE, TCs, POBox334, Stockport, SK38xh, Cost£1.50/pm, Max10mins	spam
22 days to kick off! For Euro2004 U will be kept up to date with the latest news and results daily. To be removed send GET TXT STOP to 83222	spam
Goodmorning today i am late for  &lt;DECIMAL&gt; min.	ham
If you can make it any time tonight or whenever you can it's cool, just text me whenever you're around	ham
"Don't Think About ""What u Have Got"" Think About ""How to Use It That You Have Got"" gooD ni8"	ham
Good afternoon on this glorious anniversary day, my sweet J !! I hope this finds you happy and content, my Prey. I think of you and send a teasing kiss from across the sea coaxing images of fond souveniers ... You Cougar-Pen	ham
Happy birthday... May all ur dreams come true...	ham
Dunno cos i was v late n when i reach they inside already... But we ate spageddies lor... It's e gals who r laughing at me lor...	ham
Draw va?i dont think so:)	ham
Money i have won wining number 946 wot do i do next	spam
That's a shame! Maybe cld meet for few hrs tomo?	ham
Sorry im getting up now, feel really bad- totally rejected that kinda me thing.	ham
Yup, no need. I'll jus wait 4 e rain 2 stop.	ham
You give us back my id proof and  &lt;#&gt;  rs. We wont allow you to work. We will come to your home within days	ham
No da if you run that it activate the full version da.	ham
FROM 88066 LOST £12 HELP	spam
You've won tkts to the EURO2004 CUP FINAL or £800 CASH, to collect CALL 09058099801 b4190604, POBOX 7876150ppm	spam
I'm ok. Will do my part tomorrow	ham
Da is good good player.why he is unsold.	ham
Aiyo u so poor thing... Then u dun wan 2 eat? U bathe already?	ham
Can you use foreign stamps for whatever you send them off for? 	ham
Today my system sh get ready.all is well and i am also in the deep well	ham
Thats cool. i am a gentleman and will treat you with dignity and respect.	ham
Shall i come to get pickle	ham
Does daddy have a bb now.	ham
Tell me something. Thats okay.	ham
Sent me ur email id soon	ham
Join the UK's horniest Dogging service and u can have sex 2nite!. Just sign up and follow the instructions. Txt ENTRY to 69888 now! Nyt.EC2A.3LP.msg@150p	spam
25p 4 alfie Moon's Children in need song on ur mob. Tell ur m8s. Txt Tone charity to 8007 for Nokias or Poly charity for polys: zed 08701417012 profit 2 charity.	spam
You in your room? I need a few	ham
Smith waste da.i wanna gayle.	ham
OH YEAH,AND HAV A GREAT TIME IN NEWQUAY-SEND ME A POSTCARD !1 LOOK AFTER ALL THE GIRLS WHILE IM GONE(U KNOW THE 1IM TALKIN BOUT!)xx	ham
Ok. But i finish at 6.	ham
Its ok my arm is feeling weak cuz i got a shot so we can go another time	ham
Ok lar... Joking wif u oni...	ham
Your unique user ID is 1172. For removal send STOP to 87239 customer services 08708034412	spam
Well keep in mind I've only got enough gas for one more round trip barring a sudden influx of cash	ham
FREE MESSAGE Activate your 500 FREE Text Messages by replying to this message with the word FREE For terms & conditions, visit www.07781482378.com	spam
You have WON a guaranteed £1000 cash or a £2000 prize. To claim yr prize call our customer service representative on 08714712394 between 10am-7pm	spam
Still chance there. If you search hard you will get it..let have a try :)	ham
4mths half price Orange line rental & latest camera phones 4 FREE. Had your phone 11mths ? Call MobilesDirect free on 08000938767 to update now! or2stoptxt	spam
Enjoy ur life. . Good night	ham
R we going with the  &lt;#&gt;  bus?	ham
I plane to give on this month end.	ham
Did u got that persons story	ham
Hi! You just spoke to MANEESHA V. We'd like to know if you were satisfied with the experience. Reply Toll Free with Yes or No.	ham
Ha. You don‘t know either. I did a a clever but simple thing with pears the other day, perfect for christmas.	ham
Thts god's gift for birds as humans hav some natural gift frm god..	ham
You still around? I could use a half-8th	ham
Eh u send wrongly lar...	ham
Yup next stop.	ham
Ok... I din get ur msg...	ham
Purity of friendship between two is not about smiling after reading the forwarded message..Its about smiling just by seeing the name. Gud evng musthu	ham
You are guaranteed the latest Nokia Phone, a 40GB iPod MP3 player or a £500 prize! Txt word: COLLECT to No: 83355! IBHltd LdnW15H 150p/Mtmsgrcvd18	spam
THING R GOOD THANX GOT EXAMS IN MARCH IVE DONE NO REVISION? IS FRAN STILL WITH BOYF? IVE GOTTA INTERVIW 4 EXETER BIT WORRIED!x	ham
I am taking you for italian food. How about a pretty dress with no panties? :)	ham
Will you be here for food	ham
Thanks. It was only from tescos but quite nice. All gone now. Speak soon 	ham
How. Its a little difficult but its a simple way to enter this place	ham
Hurry home u big butt. Hang up on your last caller if u have to. Food is done and I'm starving. Don't ask what I cooked.	ham
"You can stop further club tones by replying ""STOP MIX"" See my-tone.com/enjoy. html for terms. Club tones cost GBP4.50/week. MFL, PO Box 1146 MK45 2WT (2/3)"	spam
Hm good morning, headache anyone? :-)	ham
Call 09094100151 to use ur mins! Calls cast 10p/min (mob vary). Service provided by AOM, just GBP5/month. AOM Box61,M60 1ER until u stop. Ages 18+ only!	spam
Sure, I'll see if I can come by in a bit	ham
Yeah imma come over cause jay wants to do some drugs	ham
Yeah hopefully, if tyler can't do it I could maybe ask around a bit	ham
Should I have picked up a receipt or something earlier	ham
My tuition is at 330. Hm we go for the 1120 to 1205 one? Do you mind?	ham
Well the general price is  &lt;#&gt; /oz, let me know if/when/how much you want	ham
Yup i'm elaborating on the safety aspects and some other issues..	ham
Then why you not responding	ham
What time. I‘m out until prob 3 or so	ham
Me n him so funny...	ham
Mah b, I'll pick it up tomorrow	ham
U repeat e instructions again. Wat's e road name of ur house?	ham
Already am squatting is the new way of walking	ham
I'll pick you up at about 5.15pm to go to taunton if you still want to come.	ham
Okay, good, no problem, and thanx!	ham
Ok... C ya...	ham
Have you seen who's back at Holby?!	ham
Well done ENGLAND! Get the official poly ringtone or colour flag on yer mobile! text TONE or FLAG to 84199 NOW! Opt-out txt ENG STOP. Box39822 W111WX £1.50	spam
No management puzzeles.	ham
Havent mus ask if u can 1st wat. Of meet 4 lunch den u n him meet can already lor. Or u wan 2 go ask da ge 1st then confirm w me asap?	ham
Hi its Kate how is your evening? I hope i can see you tomorrow for a bit but i have to bloody babyjontet! Txt back if u can. :) xxx	ham
Just looked it up and addie goes back Monday, sucks to be her	ham
Dear Sir,Salam Alaikkum.Pride and Pleasure meeting you today at the Tea Shop.We are pleased to send you our contact number at Qatar.Rakhesh an Indian.Pls save our Number.Respectful Regards.	ham
Do you know where my lab goggles went	ham
I went to ur hon lab but no one is there.	ham
Good good, billy mates all gone. Just been jogging, again! Did enjoy concert?	ham
Pls what's the full name of joke's school cos fees in university of florida seem to actually be  &lt;#&gt; k. Pls holla back	ham
Ok...	ham
Kindly send some one to our flat before  &lt;DECIMAL&gt;  today.	ham
Ambrith..madurai..met u in arun dha marrge..remembr?	ham
I wanna watch that movie	ham
Just wondering, the others just took off	ham
Yeah get the unlimited	ham
its cool but tyler had to take off so we're gonna buy for him and drop it off at his place later tonight. Our total order is a quarter, you got enough?	ham
Fighting with the world is easy, u either win or lose bt fightng with some1 who is close to u is dificult if u lose - u lose if u win - u still lose.	ham
Or better still can you catch her and let ask her if she can sell  &lt;#&gt;  for me.	ham
For many things its an antibiotic and it can be used for chest abdomen and gynae infections even bone infections.	ham
Sorry, I'll call later in meeting.	ham
No sir. That's why i had an 8-hr trip on the bus last week. Have another audition next wednesday but i think i might drive this time.	ham
If we hit it off, you can move in with me :)	ham
Yeah I can still give you a ride	ham
In xam hall boy asked girl Tell me the starting term for dis answer I can den manage on my own After lot of hesitation n lookin around silently she said THE! intha ponnungale ipaditan;)	ham
Ok lor...	ham
When ü login dat time... Dad fetching ü home now?	ham
Yup but it's not giving me problems now so mayb i'll jus leave it...	ham
You were supposed to wake ME up &gt;:(	ham
Sorry, I'll call later	ham
I love your ass! Do you enjoy doggy style? :)	ham
Probably gonna be here for a while, see you later tonight &lt;)	ham
By the way, make sure u get train to worc foregate street not shrub hill. Have fun night x	ham
Shall i ask one thing if you dont mistake me.	ham
Apo all other are mokka players only	ham
Wen did you get so spiritual and deep. That's great	ham
Okay lor... Wah... like that def they wont let us go... Haha... What did they say in the terms and conditions?	ham
Match started.india  &lt;#&gt;  for 2	ham
* You gonna ring this weekend or wot?	ham
Hi ya babe x u 4goten bout me?' scammers getting smart..Though this is a regular vodafone no, if you respond you get further prem rate msg/subscription. Other nos used also. Beware!	spam
Not getting anywhere with this damn job hunting over here!	ham
Mm that time you dont like fun	ham
todays vodafone numbers ending with 0089(my last four digits) are selected to received a £350 award. If your number matches please call 09063442151 to claim your £350 award	spam
Sun cant come to earth but send luv as rays. cloud cant come to river but send luv as rain. I cant come to meet U, but can send my care as msg to U. Gud evng	ham
Moji i love you more than words. Have a rich day	ham
Awesome, I'll see you in a bit	ham
Congratulations ur awarded either £500 of CD gift vouchers & Free entry 2 our £100 weekly draw txt MUSIC to 87066 TnCs www.Ldew.com1win150ppmx3age16	spam
Fun fact: although you would think armand would eventually build up a tolerance or some shit considering how much he smokes, he gets fucked up in like 2 hits	ham
08714712388 between 10am-7pm Cost 10p	spam
Id have to check but there's only like 1 bowls worth left	ham
Not directly behind... Abt 4 rows behind ü...	ham
Hello lover! How goes that new job? Are you there now? Are you happy? Do you think of me? I wake, my slave and send you a teasing kiss from across the sea	ham
Ü still got lessons?  Ü in sch?	ham
not that I know of, most people up here are still out of town	ham
Badrith is only for chennai:)i will surely pick for us:)no competition for him.	ham
Another month. I need chocolate weed and alcohol.	ham
Shant disturb u anymore... Jia you...	ham
It didnt work again oh. Ok goodnight then. I.ll fix and have it ready by the time you wake up. You are very dearly missed have a good night sleep.	ham
Enjoy urself tmr...	ham
Aiyo... U always c our ex one... I dunno abt mei, she haven reply... First time u reply so fast... Y so lucky not workin huh, got bao by ur sugardad ah...gee.. 	ham
That's ok. I popped in to ask bout something and she said you'd been in. Are you around tonght wen this girl comes?	ham
No problem. We will be spending a lot of quality time together...	ham
Ya ok, vikky vl c witin  &lt;#&gt; mins and il reply u..	ham
*deep sigh* ... I miss you :-( ... I am really surprised you haven't gone to the net cafe yet to get to me ... Don't you miss me?	ham
Mum ask ü to buy food home...	ham
Actually getting ready to leave the house.	ham
Thanx...	ham
URGENT! Your Mobile number has been awarded with a £2000 prize GUARANTEED. Call 09061790121 from land line. Claim 3030. Valid 12hrs only 150ppm	spam
Dont pick up d call when something important is There to tell. Hrishi	ham
I will reach before ten morning	ham
U havent lost me ill always b here 4u.i didnt intend 2 hurt u but I never knew how u felt about me when Iwas+marine&thats what itried2tell urmom.i careabout u	ham
So can collect ur laptop?	ham
Gokila is talking with you aha:)	ham
twenty past five he said will this train have been to durham already or not coz i am in a reserved seat	ham
This message is free. Welcome to the new & improved Sex & Dogging club! To unsubscribe from this service reply STOP. msgs@150p 18+only	spam
Dont gimme that lip caveboy	ham
Cool. I am  &lt;#&gt;  inches long. hope you like them big!	ham
Ok. I.ll do you right later.	ham
Hello! Just got here, st andrews-boy its a long way! Its cold. I will keep you posted	ham
Urgent! Please call 09061743811 from landline. Your ABTA complimentary 4* Tenerife Holiday or £5000 cash await collection SAE T&Cs Box 326 CW25WX 150ppm	spam
My superior telling that friday is leave for all other department except ours:)so it will be leave for you:)any way call waheed fathima hr and conform it:)	ham
Thanks for your ringtone order, reference number X49.Your mobile will be charged 4.50. Should your tone not arrive please call customer services 09065989182	spam
I remain unconvinced that this isn't an elaborate test of my willpower	ham
I didn't get the second half of that message	ham
Aight do you still want to get money	ham
Great! I shoot big loads so get ready!	ham
Thinkin about someone is all good. No drugs for that	ham
Hmmm:)how many players selected?	ham
You're right I have now that I think about it	ham
Yup bathe liao...	ham
Detroit. The home of snow. Enjoy it.	ham
"Indians r poor but India is not a poor country. Says one of the swiss bank directors. He says that "" &lt;#&gt;  lac crore"" of Indian money is deposited in swiss banks which can be used for 'taxless' budget for  &lt;#&gt;  yrs. Can give  &lt;#&gt;  crore jobs to all Indians. From any village to Delhi 4 lane roads. Forever free power suply to more than  &lt;#&gt;  social projects. Every citizen can get monthly  &lt;#&gt; /- for  &lt;#&gt;  yrs. No need of World Bank &amp; IMF loan. Think how our money is blocked by rich politicians. We have full rights against corrupt politicians. Itna forward karo ki pura INDIA padhe.g.m."""	ham
But if she.s drinkin i'm ok.	ham
Do you want bold 2 or bb torch	ham
Ü got wat to buy tell us then ü no need to come in again.	ham
UR awarded a City Break and could WIN a £200 Summer Shopping spree every WK. Txt STORE to 88039.SkilGme.TsCs087147403231Winawk!Age16+£1.50perWKsub	spam
Also hi wesley how've you been	ham
Can u look 4 me in da lib i got stuff havent finish yet.	ham
What class of  &lt;#&gt;  reunion?	ham
You still around? Looking to pick up later	ham
How u doin baby girl ?? hope u are okay every time I call ure phone is off! I miss u get in touch	ham
Guessin you ain't gonna be here before 9?	ham
Y de asking like this.	ham
Shall i start from hear.	ham
Sac needs to carry on:)	ham
Hi babe its Jordan, how r u? Im home from abroad and lonely, text me back if u wanna chat xxSP visionsms.com Text stop to stopCost 150p 08712400603	spam
I'm fine. Hope you are good. Do take care.	ham
Sad story of a Man - Last week was my b'day. My Wife did'nt wish me. My Parents forgot n so did my Kids . I went to work. Even my Colleagues did not wish.	ham
Yeah work is fine, started last week, all the same stuff as before, dull but easy and guys are fun!	ham
Have you heard about that job? I'm going to that wildlife talk again tonight if u want2come. Its that2worzels and a wizzle or whatever it is?! 	ham
Then ü come n pick me at 530 ar?	ham
I take it the post has come then! You must have 1000s of texts now! Happy reading. My one from wiv hello caroline at the end is my favourite. Bless him	ham
We have sent JD for Customer Service cum Accounts Executive to ur mail id, For details contact us	ham
Watching cartoon, listening music &amp; at eve had to go temple &amp; church.. What about u?	ham
LOL .. *grins* .. I'm not babe, but thanks for thinking of me!	ham
Can you please send me my aunty's number	ham
Yeah it's jus rite...	ham
accordingly. I repeat, just text the word ok on your mobile phone and send	spam
Yeah if we do have to get a random dude we need to change our info sheets to PARTY  &lt;#&gt; /7 NEVER STUDY just to be safe	ham
Webpage s not available!	ham
Cab is available.they pick up and drop at door steps.	ham
Oops my phone died and I didn't even know. Yeah I like it better.	ham
Oh oh... Den muz change plan liao... Go back have to yan jiu again...	ham
I'll talk to the others and probably just come early tomorrow then	ham
Don‘t give a flying monkeys wot they think and I certainly don‘t mind. Any friend of mine and all that!	ham
Free-message: Jamster!Get the crazy frog sound now! For poly text MAD1, for real text MAD2 to 88888. 6 crazy sounds for just 3 GBP/week! 16+only! T&C's apply	spam
You will be in the place of that man	ham
ok....take care.umma to you too...	ham
That's one of the issues but california is okay. No snow so its manageable	ham
You should change your fb to jaykwon thuglyfe falconerf	ham
Hmm ok, i'll stay for like an hour cos my eye is really sore!	ham
You said to me before i went back to bed that you can't sleep for anything.	ham
Lol your right. What diet? Everyday I cheat anyway. I'm meant to be a fatty :(	ham
Did u see what I posted on your Facebook?	ham
Mind blastin.. No more Tsunamis will occur from now on.. Rajnikant stopped swimming in Indian Ocean..:-D	ham
I'm thinking that chennai forgot to come for auction..	ham
Hello, As per request from  &lt;#&gt;  Rs.5 has been transfered to you	ham
Aight what time you want me to come up?	ham
Where u been hiding stranger?	ham
LMAO where's your fish memory when I need it?	ham
Ok...	ham
Mode men or have you left.	ham
Ha ha nan yalrigu heltini..Iyo kothi chikku, u shared many things wit me..so far i didn't told any body and even uttered a word abt u.. If ur trusting me so much how can i tell these to others.. Plz nxt time dont use those words to me..ok, chikku:-);-)B-)	ham
Aslamalaikkum....insha allah tohar beeen muht albi mufti mahfuuz...meaning same here....	ham
Want 2 get laid tonight? Want real Dogging locations sent direct 2 ur Mob? Join the UK's largest Dogging Network by txting MOAN to 69888Nyt. ec2a. 31p.msg@150p	spam
Nothing just getting msgs by dis name wit different no's..	ham
Or u ask they all if next sat can a not. If all of them can make it then i'm ok lor.	ham
Yep, by the pretty sculpture	ham
Have a safe trip to Nigeria. Wish you happiness and very soon company to share moments with	ham
Yeah, probably but not sure. Ilol let u know, but personally I wuldnt bother, then again if ur goin to then I mite as well!!	ham
Its a part of checking IQ	ham
Sorry man, my stash ran dry last night and I can't pick up more until sunday	ham
This is the 2nd time we have tried to contact u. U have won the £1450 prize to claim just call 09053750005 b4 310303. T&Cs/stop SMS 08718725756. 140ppm	spam
I love ya too but try and budget your money better babe. Gary would freak on me if he knew	ham
Good night my dear.. Sleepwell&amp;Take care	ham
K.i did't see you.:)k:)where are you now?	ham
What's happening with you. Have you gotten a job and have you begun registration for permanent residency	ham
"""The world suffers a lot... Not because of the violence of bad people. But because of the silence of good people!"", Gud night...."	ham
I just made some payments so dont have that much. Sorry. Would you want it fedex or the other way.	ham
Yes.. now only saw your message..	ham
BABE !!! I miiiiiiissssssssss you ! I need you !!! I crave you !!! :-( ... Geeee ... I'm so sad without you babe ... I love you ...	ham
You have 1 new message. Please call 08712400200.	spam
Yar lor actually we quite fast... Cos da ge slow wat... Haha...	ham
What Today-sunday..sunday is holiday..so no work..	ham
Just got to  &lt;#&gt;	ham
Pls ask macho how much is budget for bb bold 2 is cos i saw a new one for  &lt;#&gt;  dollars.	ham
Raji..pls do me a favour. Pls convey my Birthday wishes to Nimya. Pls. Today is her birthday.	ham
I dont knw pa, i just drink milk..	ham
So now my dad is gonna call after he gets out of work and ask all these crazy questions.	ham
I‘ve got some salt, you can rub it in my open wounds if you like!	ham
Aight, sounds good. When do you want me to come down?	ham
Bloomberg -Message center +447797706009 Why wait? Apply for your future http://careers. bloomberg.com	spam
And how you will do that, princess? :)	ham
Probably not, still going over some stuff here	ham
Try neva mate!!	ham
Great! So what attracts you to the brothas?	ham
Did u got that persons story	ham
No we sell it all so we'll have tons if coins. Then sell our coins to someone thru paypal. Voila! Money back in life pockets:)	ham
Doing project w frens lor. 	ham
Hey i'm bored... So i'm thinking of u... So wat r u doing?	ham
As a SIM subscriber, you are selected to receive a Bonus! Get it delivered to your door, Txt the word OK to No: 88600 to claim. 150p/msg, EXP. 30Apr	spam
Yep, the great loxahatchee xmas tree burning of  &lt;#&gt;  starts in an hour	ham
5 nights...We nt staying at port step liao...Too ex	ham
Dont give a monkeys wot they think and i certainly don't mind. Any friend of mine&all that! Just don't sleep wiv , that wud be annoyin!	ham
Now project pa. After that only i can come.	ham
Someone U know has asked our dating service 2 contact you! Cant guess who? CALL 09058095107 NOW all will be revealed. POBox 7, S3XY 150p 	spam
sexy sexy cum and text me im wet and warm and ready for some porn! u up for some fun? THIS MSG IS FREE RECD MSGS 150P INC VAT 2 CANCEL TEXT STOP	spam
Do you think i can move  &lt;#&gt;  in a week	ham
Are you staying in town ?	ham
Hey, a guy I know is breathing down my neck to get him some bud, anyway you'd be able to get a half track to usf tonight?	ham
Then she buying today? Ü no need to c meh...	ham
I'll text carlos and let you know, hang on	ham
U ned to convince him tht its not possible witot hurting his feeling its the main	ham
Thats cool. i liked your photos. You are very sexy!	ham
Ur cash-balance is currently 500 pounds - to maximize ur cash-in now send GO to 86688 only 150p/meg. CC: 08718720201 HG/Suite342/2lands Row/W1j6HL	spam
Aight, see you in a bit	ham
As per your request 'Melle Melle (Oru Minnaminunginte Nurungu Vettam)' has been set as your callertune for all Callers. Press *9 to copy your friends Callertune	ham
Is there any movie theatre i can go to and watch unlimited movies and just pay once?	ham
fyi I'm at usf now, swing by the room whenever	ham
You know my old Dom I told you about yesterday ? His name is Roger? He got in touch with me last night and wants me to meet him today at 2 pm	ham
Sunshine Quiz Wkly Q! Win a top Sony DVD player if u know which country Liverpool played in mid week? Txt ansr to 82277. £1.50 SP:Tyrone	spam
Oh all have to come ah?	ham
Hi my email address has changed now it is 	ham
Hey what are you doing. Y no reply pa..	ham
I'm there and I can see you, but you can't see me ? Maybe you should reboot ym ? I seen the buzz	ham
Just checking in on you. Really do miss seeing Jeremiah. Do have a great month	ham
Yeah right! I'll bring my tape measure fri!	ham
"I just lov this line: ""Hurt me with the truth, I don't mind,i wil tolerat.bcs ur my someone..... But, Never comfort me with a lie"" gud ni8 and sweet dreams"	ham
great princess! I love giving and receiving oral. Doggy style is my fave position. How about you? I enjoy making love  &lt;#&gt;  times per night :)	ham
* Will have two more cartons off u and is very pleased with shelves	ham
K:)eng rocking in ashes:)	ham
I can't right this second, gotta hit people up first	ham
Bloomberg -Message center +447797706009 Why wait? Apply for your future http://careers. bloomberg.com	spam
For fear of fainting with the of all that housework you just did? Quick have a cuppa	ham
Oi. Ami parchi na re. Kicchu kaaj korte iccha korche na. Phone ta tul na. Plz. Plz.	ham
&lt;#&gt;  great loxahatchee xmas tree burning update: you can totally see stars here	ham
Sexy Singles are waiting for you! Text your AGE followed by your GENDER as wither M or F E.G.23F. For gay men text your AGE followed by a G. e.g.23G.	spam
Its good, we'll find a way	ham
Had your mobile 11mths ? Update for FREE to Oranges latest colour camera mobiles & unlimited weekend calls. Call Mobile Upd8 on freefone 08000839402 or 2StopTx	spam
He like not v shock leh. Cos telling shuhui is like telling leona also. Like dat almost all know liao. He got ask me abt ur reaction lor.	ham
No..its ful of song lyrics..	ham
Then we gotta do it after that	ham
Ok. Can be later showing around 8-8:30 if you want + cld have drink before. Wld prefer not to spend money on nosh if you don't mind, as doing that nxt wk.	ham
Apart from the one i told you about yesterday?	ham
Yup n her fren lor. I'm meeting my fren at 730.	ham
I wonder if your phone battery went dead ? I had to tell you, I love you babe	ham
Living is very simple.. Loving is also simple.. Laughing is too simple.. Winning is tooo simple.. But, being 'SIMPLE' is very difficult.. Gud nte.:-	ham
Dont flatter yourself... Tell that man of mine two pints of carlin in ten minutes please.... 	ham
Jus finished avatar nigro	ham
 said kiss, kiss, i can't do the sound effects! He is a gorgeous man isn't he! Kind of person who needs a smile to brighten his day! 	ham
Kallis wont bat in 2nd innings.	ham
Go until jurong point, crazy.. Available only in bugis n great world la e buffet... Cine there got amore wat...	ham
URGENT! Your mobile No 07xxxxxxxxx won a £2,000 bonus caller prize on 02/06/03! this is the 2nd attempt to reach YOU! call 09066362231 ASAP! BOX97N7QP, 150PPM	spam
A gram usually runs like  &lt;#&gt; , a half eighth is smarter though and gets you almost a whole second gram for  &lt;#&gt;	ham
Pls go ahead with watts. I just wanted to be sure. Do have a great weekend. Abiola	ham
Yeah there's quite a bit left, I'll swing by tomorrow when I get up	ham
Home so we can always chat	ham
You'll not rcv any more msgs from the chat svc. For FREE Hardcore services text GO to: 69988 If u get nothing u must Age Verify with yr network & try again	spam
How long has it been since you screamed, princess?	ham
Babe !!!! I LOVE YOU !!!! *covers your face in kisses*	ham
S:)but he had some luck.2 catches put down:)	ham
Horrible u eat macs eat until u forgot abt me already rite... U take so long 2 reply. I thk it's more toot than b4 so b prepared. Now wat shall i eat?	ham
Wait 2 min..stand at bus stop	ham
Sorry sent blank msg again. Yup but trying 2 do some serious studying now.	ham
ARR birthday today:) i wish him to get more oscar.	ham
Dear umma she called me now :-)	ham
Not yet chikku..wat abt u?	ham
(I should add that I don't really care and if you can't I can at least get this dude to fuck off but hey, your money if you want it)	ham
YES! The only place in town to meet exciting adult singles is now in the UK. Txt CHAT to 86688 now! 150p/Msg.	spam
No..but heard abt tat..	ham
You bad girl. I can still remember them	ham
aathi..where are you dear..	ham
I am in tirupur da, once you started from office call me.	ham
Free 1st week entry 2 TEXTPOD 4 a chance 2 win 40GB iPod or £250 cash every wk. Txt POD to 84128 Ts&Cs www.textpod.net custcare 08712405020.	spam
Cool, text me when you head out	ham
I will come with karnan car. Please wait till 6pm will directly goto doctor.	ham
Lol yes. Our friendship is hanging on a thread cause u won't buy stuff.	ham
Good morning princess! Happy New Year!	ham
Check audrey's status right now	ham
What is your record for one night? :)	ham
UR GOING 2 BAHAMAS! CallFREEFONE 08081560665 and speak to a live operator to claim either Bahamas cruise of£2000 CASH 18+only. To opt out txt X to 07786200117	spam
Sorry, I can't help you on this.	ham
Chinatown got porridge, claypot rice, yam cake, fishhead beehoon... Either we eat cheap den go cafe n tok or go nydc or somethin...	ham
I sent my scores to sophas and i had to do secondary application for a few schools. I think if you are thinking of applying, do a research on cost also. Contact joke ogunrinde, her school is one me the less expensive ones	ham
Anytime lor...	ham
Die... I accidentally deleted e msg i suppose 2 put in e sim archive. Haiz... I so sad...	ham
I know but you need to get hotel now. I just got my invitation but i had to apologise. Cali is to sweet for me to come to some english bloke's weddin	ham
"And stop wondering ""wow is she ever going to stop tm'ing me ?!"" because I will tm you whenever I want because you are MINE ... *laughs*"	ham
Spoons it is then okay?	ham
Just sent you an email – to an address with incomm in it, is that right?	ham
Must come later.. I normally bathe him in da afternoon mah..	ham
There generally isn't one. It's an uncountable noun - u in the dictionary. pieces of research?	ham
Nope... Think i will go for it on monday... Sorry i replied so late	ham
Jokin only lar... :-) depends on which phone my father can get lor...	ham
Oh you got many responsibilities.	ham
We have to pick rayan macleran there.	ham
Thats cool. Where should i cum? On you or in you? :)	ham
Hello darlin ive finished college now so txt me when u finish if u can love Kate xxx	ham
U meet other fren dun wan meet me ah... Muz b a guy rite...	ham
You call him and tell now infront of them. Call him now.	ham
Hey so whats the plan this sat? 	ham
I love u 2 babe! R u sure everything is alrite. Is he being an idiot? Txt bak girlie	ham
Where did u go? My phone is gonna die you have to stay in here	ham
Ryder unsold.now gibbs.	ham
Are you coming to day for class.	ham
Holy living christ what is taking you so long	ham
I hope you know I'm still mad at you.	ham
Quite ok but a bit ex... U better go eat smth now else i'll feel guilty...	ham
Pls help me tell Ashley that i cant find her number oh	ham
Yes :)it completely in out of form:)clark also utter waste.	ham
So how's the weather over there?	ham
Aah bless! How's your arm?	ham
"Do 1 thing! Change that sentence into: ""Because i want 2 concentrate in my educational career im leaving here.."""	ham
Nooooooo I'm gonna be bored to death all day. Cable and internet outage.	ham
Company is very good.environment is terrific and food is really nice:)	ham
Xmas & New Years Eve tickets are now on sale from the club, during the day from 10am till 8pm, and on Thurs, Fri & Sat night this week. They're selling fast!	spam
I.ll give her once i have it. Plus she said grinule greet you whenever we speak	ham
That would be great. We'll be at the Guild. Could meet on Bristol road or somewhere - will get in touch over weekend. Our plans take flight! Have a good week	ham
If anyone calls for a treadmill say you'll buy it. Make sure its working. I found an ad on Craigslist selling for $ &lt;#&gt; .	ham
Anything lar then ü not going home 4 dinner?	ham
Did u find out what time the bus is at coz i need to sort some stuff out.	ham
Its ok..come to my home it vl nice to meet and v can chat..	ham
It means u could not keep ur words.	ham
"Beautiful Truth against Gravity.. Read carefully: ""Our heart feels light when someone is in it.. But it feels very heavy when someone leaves it.."" GOODMORNING"	ham
Those cocksuckers. If it makes you feel better ipads are worthless garbage novelty items and you should feel bad for even wanting one	ham
Txt: CALL to No: 86888 & claim your reward of 3 hours talk time to use from your phone now! Subscribe6GBP/mnth inc 3hrs 16 stop?txtStop www.gamb.tv	spam
I wish! I don't think its gonna snow that much. But it will be more than those flurries we usually get that melt before they hit the ground. Eek! We haven't had snow since &lt;#&gt; before I was even born!	ham
CHEERS LOU! YEAH WAS A GOODNITE SHAME U NEVA CAME! C YA GAILxx	ham
Alright, I'll head out in a few minutes, text me where to meet you	ham
FREE entry into our £250 weekly competition just text the word WIN to 80086 NOW. 18 T&C www.txttowin.co.uk	spam
Now only i reached home. . . I am very tired now. . I will come tomorro	ham
I just got home babe, are you still awake ?	ham
Where to get those?	ham
HMM yeah if your not too grooved out! And im looking forward to my pound special :)	ham
Where's mummy's boy ? Is he being good or bad ? Is he being positive or negative ? Why is mummy being made to wait? Hmmmm?	ham
Why did I wake up on my own &gt;:(	ham
Greetings me, ! Consider yourself excused.	ham
WIN: We have a winner! Mr. T. Foley won an iPod! More exciting prizes soon, so keep an eye on ur mobile or visit www.win-82050.co.uk	spam
Finally the match heading towards draw as your prediction.	ham
Meanwhile in the shit suite: xavier decided to give us  &lt;#&gt;  seconds of warning that samantha was coming over and is playing jay's guitar to impress her or some shit. Also I don't think doug realizes I don't live here anymore	ham
Theyre doing it to lots of places. Only hospitals and medical places are safe.	ham
Thanks for ve lovely wisheds. You rock	ham
Rofl. Its true to its name	ham
Beauty sleep can help ur pimples too.	ham
Hi darlin im on helens fone im gonna b up the princes 2 nite please come up tb love Kate	ham
K. I will sent it again	ham
Sorry da thangam.it's my mistake.	ham
Yavnt tried yet and never played original either	ham
New Mobiles from 2004, MUST GO! Txt: NOKIA to No: 89545 & collect yours today! From ONLY £1. www.4-tc.biz 2optout 087187262701.50gbp/mtmsg18 TXTAUCTION.	spam
URGENT! Last weekend's draw shows that you have won £1000 cash or a Spanish holiday! CALL NOW 09050000332 to claim. T&C: RSTM, SW7 3SS. 150ppm	spam
Double Mins & Double Txt & 1/2 price Linerental on Latest Orange Bluetooth mobiles. Call MobileUpd8 for the very latest offers. 08000839402 or call2optout/LF56	spam
Its too late:)but its k.wish you the same.	ham
You are not bothering me but you have to trust my answers. Pls.	ham
Get 3 Lions England tone, reply lionm 4 mono or lionp 4 poly. 4 more go 2 www.ringtones.co.uk, the original n best. Tones 3GBP network operator rates apply.	spam
Many more happy returns of the day. I wish you happy birthday.	ham
Ok.	ham
Gud mrng dear have a nice day	ham
What does the dance river do?	ham
I will come tomorrow di	ham
Good night. Am going to sleep.	ham
Aight I've been set free, think you could text me blake's address? It occurs to me I'm not quite as sure what I'm doing as I thought I was	ham
Yar... I tot u knew dis would happen long ago already.	ham
U have a Secret Admirer who is looking 2 make contact with U-find out who they R*reveal who thinks UR so special-call on 09065171142-stopsms-08718727870150ppm	spam
Ok try to do week end course in coimbatore.	ham
"Edison has rightly said, ""A fool can ask more questions than a wise man can answer"" Now you know why all of us are speechless during ViVa.. GM,GN,GE,GNT:-)"	ham
I want to see your pretty pussy...	ham
I am going to sao mu today. Will be done only at 12 	ham
Yes princess! I want to catch you with my big strong hands...	ham
What's up bruv, hope you had a great break. Do have a rewarding semester.	ham
FreeMsg Hi baby wow just got a new cam moby. Wanna C a hot pic? or Fancy a chat?Im w8in 4uTxt / rply CHAT to 82242 Hlp 08712317606 Msg150p 2rcv	spam
I got arrested for possession at, I shit you not,  &lt;TIME&gt;  pm	ham
Have you got Xmas radio times. If not i will get it now	ham
Not yet had..ya sapna aunty manege y'day hogidhe..chinnu full weak and swalpa black agidhane..	ham
I haven't forgotten you, i might have a couple bucks to send you tomorrow, k? I love ya too	ham
Wishing you a beautiful day. Each moment revealing even more things to keep you smiling. Do enjoy it.	ham
"Wishing you and your family Merry ""X"" mas and HAPPY NEW Year in advance.."	ham
HOT LIVE FANTASIES call now 08707509020 Just 20p per min NTT Ltd, PO Box 1327 Croydon CR9 5WB 0870 is a national rate call	spam
Yup...	ham
Babe ! What are you doing ? Where are you ? Who are you talking to ? Do you think of me ? Are you being a good boy? Are you missing me? Do you love me ?	ham
Are you there in room.	ham
2/2 146tf150p	spam
Have you emigrated or something? Ok maybe 5.30 was a bit hopeful...	ham
Dis is yijue. I jus saw ur mail. In case huiming havent sent u my num. Dis is my num.	ham
"Ever green quote ever told by Jerry in cartoon ""A Person Who Irritates u Always Is the one Who Loves u Vry Much But Fails to Express It...!..!! :-) :-) gud nyt"	ham
Friendship is not a game to play, It is not a word to say, It doesn\'t start on March and ends on May, It is tomorrow, yesterday, today and e	ham
You are a winner U have been specially selected 2 receive £1000 cash or a 4* holiday (flights inc) speak to a live operator 2 claim 0871277810810	spam
I'm going 2 orchard now laready me reaching soon. U reaching?	ham
Ya:)going for restaurant..	ham
Going for dinner.msg you after.	ham
I anything lor...	ham
I'm home.	ham
Some of them told accenture is not confirm. Is it true.	ham
Mmmmm ... I loved waking to your words this morning ! I miss you too, my Love. I hope your day goes well and you are happy. I wait for us to be together again	ham
Sorry completely forgot * will pop em round this week if your still here?	ham
Do you ever notice that when you're driving, anyone going slower than you is an idiot and everyone driving faster than you is a maniac?	spam
I like dis sweater fr mango but no more my size already so irritating.	ham
Hey. For me there is no leave on friday. Wait i will ask my superior and tell you..	ham
Jesus christ bitch I'm trying to give you drugs answer your fucking phone	ham
How come guoyang go n tell her? Then u told her?	ham
Sir send to group mail check it.	ham
By the way, i've put a skip right outside the front of the house so you can see which house it is. Just pull up before it.	ham
Jason says it's cool if we pick some up from his place in like an hour	ham
I would but I'm still cozy. And exhausted from last night.nobody went to school or work. Everything is closed.	ham
PRIVATE! Your 2003 Account Statement for shows 800 un-redeemed S. I. M. points. Call 08718738002 Identifier Code: 48922 Expires 21/11/04	spam
When are you going to ride your bike?	ham
Ya i knw u vl giv..its ok thanks kano..anyway enjoy wit ur family wit 1st salary..:-);-)	ham
Friendship poem: Dear O Dear U R Not Near But I Can Hear Dont Get Fear Live With Cheer No More Tear U R Always my Dear. Gud ni8	ham
Ya they are well and fine., BBD(pooja) full pimples..even she become quite black..and ur rite here its too cold, wearing sweatter..	ham
We have pizza if u want	ham
Ok i'm coming home now.	ham
Remind me how to get there and I shall do so	ham
Hi Shanil,Rakhesh here.thanks,i have exchanged the uncut diamond stuff.leaving back. Excellent service by Dino and Prem.	ham
cool. We will have fun practicing making babies!	ham
Ok. No wahala. Just remember that a friend in need ...	ham
Ok.ok ok..then..whats ur todays plan	ham
Please reserve ticket on saturday eve from chennai to thirunelvali and again from tirunelvali to chennai on sunday eve...i already see in net..no ticket available..i want to book ticket through tackle ..	ham
Olol i printed out a forum post by a guy with the exact same  prob which was fixed with a gpu replacement. Hopefully they dont ignore that.	ham
PRIVATE! Your 2003 Account Statement for shows 800 un-redeemed S. I. M. points. Call 08719899230 Identifier Code: 41685 Expires 07/11/04	spam
Tmr timin still da same wat cos i got lesson until 6...	ham
Boo what time u get out? U were supposed to take me shopping today. :(	ham
Ma head dey swell oh. Thanks for making my day	ham
My darling sister. How are you doing. When's school resuming. Is there a minimum wait period before you reapply? Do take care	ham
44 7732584351, Do you want a New Nokia 3510i colour phone DeliveredTomorrow? With 300 free minutes to any mobile + 100 free texts + Free Camcorder reply or call 08000930705.	spam
Yes just finished watching days of our lives. I love it.	ham
U wake up already? Thanx 4 e tau sar piah it's quite nice.	ham
Nan sonathaya soladha. Why boss?	ham
Sorry, I'll call later	ham
K..then come wenever u lik to come and also tel vikky to come by getting free time..:-)	ham
Sir, I need Velusamy sir's date of birth and company bank facilities details.	ham
Bored housewives! Chat n date now! 0871750.77.11! BT-national rate 10p/min only from landlines!	spam
ARE YOU IN TOWN? THIS IS V. IMPORTANT	ham
Let me know if you need anything else. Salad or desert or something... How many beers shall i get?	ham
I thank you so much for all you do with selflessness. I love you plenty.	ham
Ya had just now.onion roast.	ham
Am in gobi arts college	ham
Looks like u wil b getting a headstart im leaving here bout 2.30ish but if u r desperate for my company I could head in earlier-we were goin to meet in rummer.	ham
Hello madam how are you ?	ham
How come?	ham
I'll let you know when it kicks in	ham
ROMCAPspam Everyone around should be responding well to your presence since you are so warm and outgoing. You are bringing in a real breath of sunshine.	spam
no, i *didn't* mean to post it. I wrote it, and like so many other times i've ritten stuff to you, i let it sit there. it WAS what i was feeling at the time. I was angry. Before i left, i hit send, then stop. It wasn't there. I checked on my phone when i got to my car. It wasn't there. You said you didn't sleep, you were bored. So why wouldn't THAT be the time to clean, fold laundry, etc.? At least make the bed?	ham
Playin space poker, u?	ham
Well then you have a great weekend!	ham
What r u cooking me for dinner?	ham
Get down in gandhipuram and walk to cross cut road. Right side &lt;#&gt; street road and turn at first right.	ham
Hmmm...k...but i want to change the field quickly da:-)i wanna get system administrator or network administrator..	ham
Babe! How goes that day ? What are you up to ? I miss you already, my Love ... * loving kiss* ... I hope everything goes well.	ham
Not planned yet :)going to join company on jan 5 only.don know what will happen after that.	ham
Its sarcasm.. .nt scarcasim	ham
Not heard from U4 a while. Call me now am here all night with just my knickers on. Make me beg for it like U did last time 01223585236 XX Luv Nikiyu4.net	spam
Then ur physics get a-?	ham
What happen to her tell the truth	ham
Love you aathi..love u lot..	ham
Joy's father is John. Then John is the ____ of Joy's father. If u ans ths you hav  &lt;#&gt;  IQ. Tis s IAS question try to answer.	ham
Is fujitsu s series lifebook good?	ham
I will treasure every moment we spend together...	ham
There the size of elephant tablets & u shove um up ur ass!!	ham
Should I tell my friend not to come round til like  &lt;#&gt; ish?	ham
Thanks 4 your continued support Your question this week will enter u in2 our draw 4 £100 cash. Name the NEW US President? txt ans to 80082	spam
Speaking of does he have any cash yet?	ham
Do you realize that in about 40 years, we'll have thousands of old ladies running around with tattoos?	spam
Download as many ringtones as u like no restrictions, 1000s 2 choose. U can even send 2 yr buddys. Txt Sir to 80082 £3 	spam
Good morning princess! How are you?	ham
That depends. How would you like to be treated? :)	ham
Unlimited texts. Limited minutes.	ham
Long beach lor. Expected... U having dinner now?	ham
PLEASSSSSSSEEEEEE TEL ME V AVENT DONE SPORTSx	ham
I've told him that i've returned it. That should i re order it.	ham
Okie.. Thanx..	ham
Yes..gauti and sehwag out of odi series.	ham
our mobile number has won £5000, to claim calls us back or ring the claims hot line on 09050005321.	spam
S:-)if we have one good partnership going we will take lead:)	ham
Think + da. You wil do.	ham
I have to take exam with march 3	ham
I might come to kerala for 2 days.so you can be prepared to take a leave once i finalise .dont plan any travel during my visit.need to finish urgent works.	ham
Solve d Case : A Man Was Found Murdered On  &lt;DECIMAL&gt; . &lt;#&gt;  AfterNoon. 1,His wife called Police. 2,Police questioned everyone. 3,Wife: Sir,I was sleeping, when the murder took place. 4.Cook: I was cooking. 5.Gardener: I was picking vegetables. 6.House-Maid: I went 2 d post office. 7.Children: We went 2 play. 8.Neighbour: We went 2 a marriage. Police arrested d murderer Immediately. Who's It? Reply With Reason, If U r Brilliant.	ham
He also knows about lunch menu only da. . I know	ham
Wat time do u wan 2 meet me later?	ham
Heart is empty without love.. Mind is empty without wisdom.. Eyes r empty without dreams &amp; Life is empty without frnds.. So Alwys Be In Touch. Good night &amp; sweet dreams	ham
We tried to contact you re your reply to our offer of a Video Handset? 750 anytime any networks mins? UNLIMITED TEXT? Camcorder? Reply or call 08000930705 NOW	spam
Hey anyway i have to :-)	ham
Ok	ham
There's someone here that has a year  &lt;#&gt;  toyota camry like mr olayiwola's own. Mileage is  &lt;#&gt; k.its clean but i need to know how much will it sell for. If i can raise the dough for it how soon after landing will it sell. Holla back.	ham
Oh did you charge camera	ham
Ummma.will call after check in.our life will begin from qatar so pls pray very hard.	ham
This pain couldn't have come at a worse time.	ham
For ur chance to win a £250 wkly shopping spree TXT: SHOP to 80878. T's&C's www.txt-2-shop.com custcare 08715705022, 1x150p/wk	spam
